pairs_per_text,n_texts,share_of_texts
1,2413,0.5482844807998182
2,1467,0.3333333333333333
3,411,0.09338786639400136
4,99,0.022494887525562373
5,11,0.002499431947284708
