product,n_pairs,share
flower,1575,0.22400796472763476
oil,1816,0.2582847390129427
gummies,1812,0.2577158298961741
vape,1609,0.22884369222016782
topical,219,0.031147774143080644
