sentiment,n_pairs,share
negative,1975,0.2808988764044944
neutral,1230,0.17493955340634335
positive,3826,0.5441615701891623
